-- ========================
-- 邻里平台假数据初始化脚本
-- ========================
-- 仅在数据库为空时执行

-- 插入用户（服务者、用工方），头像使用本地中国人形象图片
INSERT INTO t_user (id, phone, nickname, role, status, real_name, face_verified, avatar_url, created_at, updated_at) VALUES
(1, '13800000001', '王阿姨', 1, 0, '王淑芬', 1, '/img/Avatar/KuaPai_AI_20260602114309.png', datetime('now'), datetime('now')),
(2, '13800000002', '李叔叔', 1, 0, '李建国', 1, '/img/Avatar/KuaPai_AI_20260602113400.jpeg', datetime('now'), datetime('now')),
(3, '13800000003', '张阿姨', 1, 0, '张秀英', 1, '/img/Avatar/KuaPai_AI_20260602113549.jpeg', datetime('now'), datetime('now')),
(4, '13800000004', '刘叔叔', 1, 0, '刘德明', 1, '/img/Avatar/KuaPai_AI_20260602114344.png', datetime('now'), datetime('now')),
(5, '13800000005', '陈阿姨', 1, 0, '陈美珍', 0, '/img/Avatar/KuaPai_AI_20260602113622.jpeg', datetime('now'), datetime('now')),

(11, '13900000001', '赵女士', 2, 0, '赵丽华', 1, '/img/Avatar/KuaPai_AI_20260602114540.png', datetime('now'), datetime('now')),
(12, '13900000002', '孙先生', 2, 0, '孙志远', 1, '/img/Avatar/KuaPai_AI_20260602114655.png', datetime('now'), datetime('now')),
(13, '13900000003', '周小姐', 2, 0, '周敏', 1, '/img/Avatar/KuaPai_AI_20260602114745.png', datetime('now'), datetime('now')),
(14, '13900000004', '吴先生', 2, 0, '吴国栋', 1, '/img/Avatar/KuaPai_AI_20260602114703.png', datetime('now'), datetime('now')),
(15, '13900000005', '郑女士', 2, 0, '郑晓燕', 0, '/img/Avatar/KuaPai_AI_20260602114803.png', datetime('now'), datetime('now'));

-- 插入服务者扩展信息（年龄50-65，社区，技能标签）
-- 技能标签已更新为陪诊子服务：["全程陪同","挂号取药","门诊陪护","代为问诊"]
INSERT INTO t_worker (user_id, age, community, service_radius, skills, emergency_contact_name, emergency_contact_phone, total_orders, total_hours, avg_rating, honor_level, status) VALUES
(1, 58, '浦东新区花木街道', 3000, '["全程陪同","挂号取药"]', '王强', '138****1111', 12, 36, 4.9, 2, 1),
(2, 62, '徐汇区田林街道', 2500, '["挂号取药","门诊陪护"]', '李芳', '138****2222', 8, 24, 4.8, 1, 1),
(3, 64, '静安区南京西路街道', 2000, '["全程陪同","代为问诊"]', '张明', '138****3333', 20, 60, 4.95, 3, 1),
(4, 55, '杨浦区五角场街道', 3500, '["挂号取药"]', '刘红', '138****4444', 5, 15, 4.7, 1, 1),
(5, 60, '黄浦区外滩街道', 3000, '["门诊陪护","全程陪同"]', '陈浩', '138****5555', 0, 0, 5.0, 0, 0);

-- 插入用工方信息
INSERT INTO t_employer (user_id, credit_score, common_addresses) VALUES
(11, 98, '["浦东新区张江高科技园区"]'),
(12, 95, '["徐汇区龙华街道龙华路123号"]'),
(13, 100, '["静安区共和新路街道"]'),
(14, 92, '["杨浦区新江湾城街道"]'),
(15, 85, '["闵行区七宝镇"]');

-- 插入任务（岗位），使用百度BD-09坐标（上海市各区域）
-- sub_type: 1=全程陪同, 2=挂号取药, 3=门诊陪护, 4=代为问诊 (仅对type=1有效)
INSERT INTO t_task (employer_id, type, sub_type, start_time, end_time, duration_minutes, address, latitude, longitude, physical_level, budget, is_charity, special_requirements, status, created_at, expires_at) VALUES
(11, 1, 1, '2026-06-01 09:00:00', '2026-06-01 11:30:00', 150, '浦东新区东方路1678号仁济医院东院', 31.214, 121.520, 1, 95, 0, '需帮助取药', 0, datetime('now'), datetime('2026-06-10 23:59:59')),
(12, 2, NULL, '2026-06-02 14:00:00', '2026-06-02 16:00:00', 120, '徐汇区龙华路123号', 31.175, 121.453, 1, 45, 0, '会说上海话优先', 0, datetime('now'), datetime('2026-06-10 23:59:59')),
(13, 3, NULL, '2026-06-03 10:00:00', '2026-06-03 12:00:00', 120, '静安区愚园路108号', 31.221, 121.442, 2, 70, 0, '三室一厅', 0, datetime('now'), datetime('2026-06-10 23:59:59')),
(14, 4, NULL, '2026-06-04 17:30:00', '2026-06-04 19:00:00', 90, '杨浦区大学路318号', 31.308, 121.511, 1, 50, 0, '清淡口味', 0, datetime('now'), datetime('2026-06-10 23:59:59')),
(15, 5, NULL, '2026-06-05 08:00:00', '2026-06-05 08:40:00', 40, '虹口区广中路123号', 31.284, 121.473, 1, 30, 0, '儿童座椅需有', 0, datetime('now'), datetime('2026-06-10 23:59:59')),
(11, 6, NULL, '2026-06-06 09:00:00', '2026-06-06 12:00:00', 180, '浦东新区锦绣路800号', 31.201, 121.567, 2, 100, 0, '有护理经验', 0, datetime('now'), datetime('2026-06-10 23:59:59')),
(12, 7, NULL, '2026-06-07 10:30:00', '2026-06-07 11:00:00', 30, '徐汇区漕溪北路78号', 31.180, 121.433, 1, 25, 0, '帮取快递', 0, datetime('now'), datetime('2026-06-10 23:59:59')),
(13, 8, NULL, '2026-06-08 15:00:00', '2026-06-08 17:00:00', 120, '静安区乌鲁木齐北路505号', 31.208, 121.442, 1, 55, 0, '教老人用智能手机', 0, datetime('now'), datetime('2026-06-10 23:59:59')),
(14, 1, 2, '2026-06-09 13:00:00', '2026-06-09 15:30:00', 150, '杨浦区长海路168号长海医院', 31.299, 121.512, 1, 40, 0, '只需代取报告', 0, datetime('now'), datetime('2026-06-10 23:59:59')),
(11, 1, 3, '2026-06-10 09:30:00', '2026-06-10 11:30:00', 120, '浦东新区世纪大道100号', 31.237, 121.511, 1, 65, 0, '老人能自行行走', 0, datetime('now'), datetime('2026-06-10 23:59:59')),
(12, 1, 1, '2026-06-11 08:00:00', '2026-06-11 11:00:00', 180, '徐汇区衡山路516号胸科医院', 31.195, 121.440, 2, 120, 0, '老人需坐轮椅', 0, datetime('now'), datetime('2026-06-11 23:59:59')),
(13, 1, 2, '2026-06-11 14:00:00', '2026-06-11 16:00:00', 120, '静安区北京西路1700号华东医院', 31.218, 121.428, 1, 55, 0, '代取CT报告', 0, datetime('now'), datetime('2026-06-11 23:59:59')),
(14, 1, 4, '2026-06-12 09:00:00', '2026-06-12 10:00:00', 60, '杨浦区翔殷路880号肺科医院', 31.312, 121.503, 1, 40, 0, '代为问诊配药', 0, datetime('now'), datetime('2026-06-12 23:59:59')),
(15, 1, 3, '2026-06-12 13:30:00', '2026-06-12 16:30:00', 180, '闵行区莘松路170号第五人民医院', 31.102, 121.374, 2, 95, 0, '子女在外地无法陪同', 0, datetime('now'), datetime('2026-06-12 23:59:59')),
(11, 1, 1, '2026-06-13 07:30:00', '2026-06-13 12:00:00', 270, '浦东新区浦建路160号仁济医院', 31.208, 121.535, 1, 150, 0, '消化科专家门诊', 0, datetime('now'), datetime('2026-06-13 23:59:59')),
(12, 1, 2, '2026-06-13 10:00:00', '2026-06-13 11:30:00', 90, '徐汇区宛平南路725号龙华医院', 31.178, 121.448, 1, 50, 0, '取一周中药', 0, datetime('now'), datetime('2026-06-13 23:59:59')),
(13, 1, 3, '2026-06-14 08:30:00', '2026-06-14 11:00:00', 150, '静安区华山路368号华山医院', 31.204, 121.449, 1, 80, 0, '骨科复诊', 0, datetime('now'), datetime('2026-06-14 23:59:59')),
(14, 1, 4, '2026-06-14 14:00:00', '2026-06-14 15:00:00', 60, '杨浦区嫩江路788号市东医院', 31.318, 121.526, 1, 35, 0, '慢性病配药', 0, datetime('now'), datetime('2026-06-14 23:59:59')),
(15, 1, 1, '2026-06-15 09:00:00', '2026-06-15 12:30:00', 210, '闵行区鹤庆路801号市第五人民医院', 31.018, 121.375, 2, 110, 0, '心内科检查', 0, datetime('now'), datetime('2026-06-15 23:59:59')),
(11, 1, 2, '2026-06-15 15:00:00', '2026-06-15 16:30:00', 90, '浦东新区云台路1800号东方医院', 31.153, 121.547, 1, 45, 0, '取体检报告', 0, datetime('now'), datetime('2026-06-15 23:59:59')),
(12, 1, 3, '2026-06-16 10:00:00', '2026-06-16 13:00:00', 180, '徐汇区斜土路2200号中山医院', 31.187, 121.462, 1, 100, 0, '肿瘤科随访', 0, datetime('now'), datetime('2026-06-16 23:59:59')),
(13, 1, 1, '2026-06-16 08:00:00', '2026-06-16 11:00:00', 180, '静安区乌鲁木齐北路12号华山医院静安分院', 31.215, 121.445, 2, 90, 0, '神经内科就诊', 0, datetime('now'), datetime('2026-06-16 23:59:59')),
(14, 1, 4, '2026-06-17 09:30:00', '2026-06-17 10:30:00', 60, '杨浦区翔殷路903号长海医院', 31.315, 121.508, 1, 40, 0, '术后复查问诊', 0, datetime('now'), datetime('2026-06-17 23:59:59')),
(15, 1, 2, '2026-06-17 14:00:00', '2026-06-17 15:30:00', 90, '闵行区瑞丽路128号闵行区中心医院', 31.098, 121.387, 1, 50, 0, '取眼科药品', 0, datetime('now'), datetime('2026-06-17 23:59:59')),
(11, 1, 3, '2026-06-18 08:30:00', '2026-06-18 11:30:00', 180, '浦东新区红枫路525号曙光医院东院', 31.221, 121.589, 1, 85, 0, '中医调理', 0, datetime('now'), datetime('2026-06-18 23:59:59')),
(12, 1, 1, '2026-06-18 14:00:00', '2026-06-18 17:00:00', 180, '徐汇区零陵北路518号肿瘤医院', 31.169, 121.437, 2, 130, 0, '化疗陪同', 0, datetime('now'), datetime('2026-06-18 23:59:59')),
(13, 1, 2, '2026-06-19 10:00:00', '2026-06-19 11:00:00', 60, '静安区西康路266号静安区中心医院', 31.220, 121.448, 1, 35, 0, '取检查报告', 0, datetime('now'), datetime('2026-06-19 23:59:59')),
(14, 1, 4, '2026-06-19 15:00:00', '2026-06-19 16:00:00', 60, '杨浦区宁国路236号杨浦区中心医院', 31.265, 121.521, 1, 38, 0, '糖尿病复诊配药', 0, datetime('now'), datetime('2026-06-19 23:59:59')),
(15, 1, 3, '2026-06-20 09:00:00', '2026-06-20 12:00:00', 180, '闵行区莘建路116号闵行区中心医院', 31.105, 121.381, 1, 88, 0, '呼吸科就诊', 0, datetime('now'), datetime('2026-06-20 23:59:59')),
(11, 1, 1, '2026-06-20 13:00:00', '2026-06-20 16:30:00', 210, '浦东新区东方路1630号仁济医院东院', 31.215, 121.522, 2, 145, 0, '泌尿科全面检查', 0, datetime('now'), datetime('2026-06-20 23:59:59')),
(12, 1, 2, '2026-06-21 10:00:00', '2026-06-21 11:30:00', 90, '徐汇区龙川北路99号第六人民医院', 31.157, 121.421, 1, 48, 0, '取骨科药品', 0, datetime('now'), datetime('2026-06-21 23:59:59')),
(13, 1, 3, '2026-06-21 14:30:00', '2026-06-21 17:00:00', 150, '静安区江宁路416号静安区中心医院', 31.227, 121.451, 1, 75, 0, '皮肤科就诊', 0, datetime('now'), datetime('2026-06-21 23:59:59')),
(14, 1, 4, '2026-06-22 09:00:00', '2026-06-22 10:00:00', 60, '杨浦区控江路1965号杨浦区中心医院安图分部', 31.278, 121.517, 1, 36, 0, '高血压配药', 0, datetime('now'), datetime('2026-06-22 23:59:59')),
(15, 1, 1, '2026-06-22 08:00:00', '2026-06-22 11:30:00', 210, '闵行区鹤庆路801号第五人民医院', 31.018, 121.375, 2, 125, 0, '内分泌科就诊', 0, datetime('now'), datetime('2026-06-22 23:59:59')),
(11, 1, 2, '2026-06-23 11:00:00', '2026-06-23 12:30:00', 90, '浦东新区即墨路150号东方医院', 31.247, 121.543, 1, 52, 0, '取出院小结', 0, datetime('now'), datetime('2026-06-23 23:59:59')),
(12, 1, 3, '2026-06-23 14:00:00', '2026-06-23 17:00:00', 180, '徐汇区肇嘉浜路261号中山医院', 31.192, 121.455, 1, 98, 0, '外科拆线复查', 0, datetime('now'), datetime('2026-06-23 23:59:59')),
(13, 1, 1, '2026-06-24 07:30:00', '2026-06-24 11:00:00', 210, '静安区华山路368号华山医院', 31.204, 121.449, 2, 160, 0, '神经外科专家门诊', 0, datetime('now'), datetime('2026-06-24 23:59:59')),
(14, 1, 4, '2026-06-24 15:00:00', '2026-06-24 16:00:00', 60, '杨浦区翔殷路880号肺科医院', 31.312, 121.503, 1, 42, 0, '肺部复查问诊', 0, datetime('now'), datetime('2026-06-24 23:59:59')),
(15, 1, 2, '2026-06-25 10:00:00', '2026-06-25 11:00:00', 60, '闵行区瑞丽路128号闵行区中心医院', 31.098, 121.387, 1, 38, 0, '取CT报告单', 0, datetime('now'), datetime('2026-06-25 23:59:59'));

-- 为部分服务者创建钱包
INSERT INTO t_wallet (worker_id, cash_balance, points_balance, frozen_amount) VALUES
(1, 128.50, 350, 0),
(2, 89.00, 210, 0),
(3, 245.00, 680, 0),
(4, 35.00, 90, 0);

-- 插入几个已完成订单的流水（示例）
INSERT INTO t_wallet_transaction (wallet_id, type, amount, points_change, order_id, status, created_at) VALUES
(1, 1, 60, 10, NULL, 1, datetime('now', '-3 days')),
(1, 1, 45, 8, NULL, 1, datetime('now', '-2 days')),
(2, 1, 50, 10, NULL, 1, datetime('now', '-1 day')),
(3, 1, 70, 15, NULL, 1, datetime('now', '-4 days'));

-- 银发圈动态（示例）
INSERT INTO t_community_post (worker_id, content_type, content_text, voice_url, image_urls, like_count, comment_count, status, created_at) VALUES
(1, 1, '今天陪诊的王爷爷很慈祥，还给我带了自己做的点心。#暖心', NULL, NULL, 12, 2, 0, datetime('now', '-2 days')),
(2, 1, '做保洁的时候发现客户家书柜倒了，顺手帮忙修理了一下。大家遇到类似情况量力而行。', NULL, NULL, 5, 1, 0, datetime('now', '-1 day'));

-- 插入培训课程
INSERT INTO t_course (title, video_url, duration_seconds, cover_url, sort_order, is_required) VALUES
('新员工入职培训', 'https://example.com/video1.mp4', 1800, 'https://example.com/cover1.jpg', 1, 1),
('服务礼仪规范', 'https://example.com/video2.mp4', 1200, 'https://example.com/cover2.jpg', 2, 1),
('老年人沟通技巧', 'https://example.com/video3.mp4', 1500, 'https://example.com/cover3.jpg', 3, 0),
('急救基础知识', 'https://example.com/video4.mp4', 2000, 'https://example.com/cover4.jpg', 4, 0);

-- 更新现有用户头像（用于已有数据库）- 使用本地中国人形象图片
UPDATE t_user SET avatar_url = '/img/Avatar/KuaPai_AI_20260602114309.png' WHERE id = 1;
UPDATE t_user SET avatar_url = '/img/Avatar/KuaPai_AI_20260602113400.jpeg' WHERE id = 2;
UPDATE t_user SET avatar_url = '/img/Avatar/KuaPai_AI_20260602113549.jpeg' WHERE id = 3;
UPDATE t_user SET avatar_url = '/img/Avatar/KuaPai_AI_20260602114344.png' WHERE id = 4;
UPDATE t_user SET avatar_url = '/img/Avatar/KuaPai_AI_20260602113622.jpeg' WHERE id = 5;
UPDATE t_user SET avatar_url = '/img/Avatar/KuaPai_AI_20260602114540.png' WHERE id = 11;
UPDATE t_user SET avatar_url = '/img/Avatar/KuaPai_AI_20260602114655.png' WHERE id = 12;
UPDATE t_user SET avatar_url = '/img/Avatar/KuaPai_AI_20260602114745.png' WHERE id = 13;
UPDATE t_user SET avatar_url = '/img/Avatar/KuaPai_AI_20260602114703.png' WHERE id = 14;
UPDATE t_user SET avatar_url = '/img/Avatar/KuaPai_AI_20260602114803.png' WHERE id = 15;