-- ========================
-- 邻里平台假数据初始化脚本
-- ========================
-- 仅在数据库为空时执行

-- 插入用户（服务者、用工方），头像使用本地中国人形象图片
INSERT INTO t_user (id, phone, nickname, role, status, real_name, face_verified, avatar_url, created_at, updated_at) VALUES
(1, '13800000001', '王阿姨', 1, 0, '王淑芬', 1, '/uploads/avatars/KuaPai_AI_20260602114309.png', datetime('now'), datetime('now')),
(2, '13800000002', '李叔叔', 1, 0, '李建国', 1, '/uploads/avatars/KuaPai_AI_20260602113400.jpeg', datetime('now'), datetime('now')),
(3, '13800000003', '张阿姨', 1, 0, '张秀英', 1, '/uploads/avatars/KuaPai_AI_20260602113549.jpeg', datetime('now'), datetime('now')),
(4, '13800000004', '刘叔叔', 1, 0, '刘德明', 1, '/uploads/avatars/KuaPai_AI_20260602114344.png', datetime('now'), datetime('now')),
(5, '13800000005', '陈阿姨', 1, 0, '陈美珍', 0, '/uploads/avatars/KuaPai_AI_20260602113622.jpeg', datetime('now'), datetime('now')),
(11, '13900000001', '赵阿姨', 2, 0, '赵丽华', 1, '/uploads/avatars/KuaPai_AI_20260602114540.png', datetime('now'), datetime('now')),
(12, '13900000002', '孙叔叔', 2, 0, '孙志远', 1, '/uploads/avatars/KuaPai_AI_20260602114655.png', datetime('now'), datetime('now')),
(13, '13900000003', '周阿姨', 2, 0, '周敏', 1, '/uploads/avatars/KuaPai_AI_20260602114745.png', datetime('now'), datetime('now')),
(14, '13900000004', '吴叔叔', 2, 0, '吴国栋', 1, '/uploads/avatars/KuaPai_AI_20260602114703.png', datetime('now'), datetime('now')),
(15, '13900000005', '郑阿姨', 2, 0, '郑晓燕', 0, '/uploads/avatars/KuaPai_AI_20260602114803.png', datetime('now'), datetime('now'));

-- 插入服务者扩展信息（年龄50-65，社区，技能标签）
-- 技能标签已更新为陪诊子服务：["全程陪同","挂号取药","门诊陪护","代为问诊"]
INSERT INTO t_worker (user_id, age, community, service_radius, skills, emergency_contact_name, emergency_contact_phone, total_orders, total_hours, avg_rating, honor_level, status) VALUES
(1, 58, '朝阳区国贸街道', 3000, '["全程陪同","挂号取药"]', '王强', '138****1111', 12, 36, 4.9, 2, 1),
(2, 62, '朝阳区劲松街道', 2500, '["挂号取药","门诊陪护"]', '李芳', '138****2222', 8, 24, 4.8, 1, 1),
(3, 64, '朝阳区三里屯街道', 2000, '["全程陪同","代为问诊"]', '张明', '138****3333', 20, 60, 4.95, 3, 1),
(4, 55, '朝阳区望京街道', 3500, '["挂号取药"]', '刘红', '138****4444', 5, 15, 4.7, 1, 1),
(5, 60, '朝阳区团结湖街道', 3000, '["门诊陪护","全程陪同"]', '陈浩', '138****5555', 0, 0, 5.0, 0, 0);

-- 插入用工方信息
INSERT INTO t_employer (user_id, credit_score, common_addresses) VALUES
(11, 98, '["朝阳区国贸CBD"]'),
(12, 95, '["朝阳区劲松街道劲松路123号"]'),
(13, 100, '["朝阳区团结湖街道"]'),
(14, 92, '["朝阳区酒仙桥街道"]'),
(15, 85, '["朝阳区常营街道"]');

-- 插入任务（岗位），使用百度BD-09坐标（北京市各区域）
-- type: 1=全程陪同, 2=挂号取药, 3=门诊陪护, 4=代为问诊
INSERT INTO t_task (employer_id, type, sub_type, start_time, end_time, duration_minutes, address, latitude, longitude, physical_level, budget, is_charity, special_requirements, status, created_at, expires_at) VALUES
(11, 1, 1, '2026-06-01 09:00:00', '2026-06-01 11:30:00', 150, '朝阳区国贸光华路1678号朝阳医院东院', 39.933, 116.564, 1, 95, 0, '需帮助取药', 0, datetime('now'), datetime('2026-06-10 23:59:59')),
(14, 1, 2, '2026-06-09 13:00:00', '2026-06-09 15:30:00', 150, '朝阳区望京京密路168号民航总医院', 40.018, 116.556, 1, 40, 0, '只需代取报告', 0, datetime('now'), datetime('2026-06-10 23:59:59')),
(11, 1, 3, '2026-06-10 09:30:00', '2026-06-10 11:30:00', 120, '朝阳区国贸建国路100号', 39.956, 116.555, 1, 65, 0, '老人能自行行走', 0, datetime('now'), datetime('2026-06-10 23:59:59')),
(12, 1, 1, '2026-06-11 08:00:00', '2026-06-11 11:00:00', 180, '朝阳区劲松工体北路516号北京市第一中西医结合医院', 39.914, 116.484, 2, 120, 0, '老人需坐轮椅', 0, datetime('now'), datetime('2026-06-11 23:59:59')),
(13, 1, 2, '2026-06-11 14:00:00', '2026-06-11 16:00:00', 120, '朝阳区三里屯朝阳门外大街1700号北京市第一中西医结合医院', 39.937, 116.472, 1, 55, 0, '代取CT报告', 0, datetime('now'), datetime('2026-06-11 23:59:59')),
(14, 1, 4, '2026-06-12 09:00:00', '2026-06-12 10:00:00', 60, '朝阳区望京酒仙桥路880号朝阳区中医医院', 40.031, 116.547, 1, 40, 0, '代为问诊配药', 0, datetime('now'), datetime('2026-06-12 23:59:59')),
(15, 1, 3, '2026-06-12 13:30:00', '2026-06-12 16:30:00', 180, '朝阳区管庄高碑店路170号朝阳区第二医院', 39.821, 116.418, 2, 95, 0, '子女在外地无法陪同', 0, datetime('now'), datetime('2026-06-12 23:59:59')),
(11, 1, 1, '2026-06-13 07:30:00', '2026-06-13 12:00:00', 270, '朝阳区国贸京通快速路160号朝阳医院', 39.927, 116.579, 1, 150, 0, '消化科专家门诊', 0, datetime('now'), datetime('2026-06-13 23:59:59')),
(12, 1, 2, '2026-06-13 10:00:00', '2026-06-13 11:30:00', 90, '朝阳区劲松东三环南路725号北京中医药大学北京华信医院', 39.897, 116.492, 1, 50, 0, '取一周中药', 0, datetime('now'), datetime('2026-06-13 23:59:59')),
(13, 1, 3, '2026-06-14 08:30:00', '2026-06-14 11:00:00', 150, '朝阳区三里屯北三环东路368号中日友好医院', 39.923, 116.493, 1, 80, 0, '骨科复诊', 0, datetime('now'), datetime('2026-06-14 23:59:59')),
(14, 1, 4, '2026-06-14 14:00:00', '2026-06-14 15:00:00', 60, '朝阳区望京东坝路788号朝阳区妇幼保健院', 40.037, 116.570, 1, 35, 0, '慢性病配药', 0, datetime('now'), datetime('2026-06-14 23:59:59')),
(15, 1, 1, '2026-06-15 09:00:00', '2026-06-15 12:30:00', 210, '朝阳区管庄东坝大街801号朝阳区第二医院', 39.737, 116.419, 2, 110, 0, '心内科检查', 0, datetime('now'), datetime('2026-06-15 23:59:59')),
(11, 1, 2, '2026-06-15 15:00:00', '2026-06-15 16:30:00', 90, '朝阳区国贸光华路1800号北京华信医院', 39.872, 116.591, 1, 45, 0, '取体检报告', 0, datetime('now'), datetime('2026-06-15 23:59:59')),
(12, 1, 3, '2026-06-16 10:00:00', '2026-06-16 13:00:00', 180, '朝阳区劲松潘家园南路2200号北京安贞医院', 39.906, 116.506, 1, 100, 0, '肿瘤科随访', 0, datetime('now'), datetime('2026-06-16 23:59:59')),
(13, 1, 1, '2026-06-16 08:00:00', '2026-06-16 11:00:00', 180, '朝阳区三里屯建国门外大街12号中日友好医院国际部', 39.934, 116.489, 2, 90, 0, '神经内科就诊', 0, datetime('now'), datetime('2026-06-16 23:59:59')),
(14, 1, 4, '2026-06-17 09:30:00', '2026-06-17 10:30:00', 60, '朝阳区望京酒仙桥路903号民航总医院', 40.034, 116.552, 1, 40, 0, '术后复查问诊', 0, datetime('now'), datetime('2026-06-17 23:59:59')),
(15, 1, 2, '2026-06-17 14:00:00', '2026-06-17 15:30:00', 90, '朝阳区管庄金盏路128号朝阳区管庄中心医院', 39.817, 116.431, 1, 50, 0, '取眼科药品', 0, datetime('now'), datetime('2026-06-17 23:59:59')),
(11, 1, 3, '2026-06-18 08:30:00', '2026-06-18 11:30:00', 180, '朝阳区国贸十里堡路525号首都医科大学附属北京妇产医院', 39.940, 116.633, 1, 85, 0, '中医调理', 0, datetime('now'), datetime('2026-06-18 23:59:59')),
(12, 1, 1, '2026-06-18 14:00:00', '2026-06-18 17:00:00', 180, '朝阳区劲松劲松南路518号中国医学科学院肿瘤医院', 39.888, 116.481, 2, 130, 0, '化疗陪同', 0, datetime('now'), datetime('2026-06-18 23:59:59')),
(13, 1, 2, '2026-06-19 10:00:00', '2026-06-19 11:00:00', 60, '朝阳区三里屯东大桥路266号朝阳区三里屯中心医院', 39.939, 116.492, 1, 35, 0, '取检查报告', 0, datetime('now'), datetime('2026-06-19 23:59:59')),
(14, 1, 4, '2026-06-19 15:00:00', '2026-06-19 16:00:00', 60, '朝阳区望京管庄路236号朝阳区望京中心医院', 39.984, 116.565, 1, 38, 0, '糖尿病复诊配药', 0, datetime('now'), datetime('2026-06-19 23:59:59')),
(15, 1, 3, '2026-06-20 09:00:00', '2026-06-20 12:00:00', 180, '朝阳区管庄高碑店北路116号朝阳区管庄中心医院', 39.824, 116.425, 1, 88, 0, '呼吸科就诊', 0, datetime('now'), datetime('2026-06-20 23:59:59')),
(11, 1, 1, '2026-06-20 13:00:00', '2026-06-20 16:30:00', 210, '朝阳区国贸光华路1630号朝阳医院东院', 39.934, 116.566, 2, 145, 0, '泌尿科全面检查', 0, datetime('now'), datetime('2026-06-20 23:59:59')),
(12, 1, 2, '2026-06-21 10:00:00', '2026-06-21 11:30:00', 90, '朝阳区劲松广渠路99号朝阳区第三医院', 39.876, 116.465, 1, 48, 0, '取骨科药品', 0, datetime('now'), datetime('2026-06-21 23:59:59')),
(13, 1, 3, '2026-06-21 14:30:00', '2026-06-21 17:00:00', 150, '朝阳区三里屯工体南路416号朝阳区三里屯中心医院', 39.946, 116.495, 1, 75, 0, '皮肤科就诊', 0, datetime('now'), datetime('2026-06-21 23:59:59')),
(14, 1, 4, '2026-06-22 09:00:00', '2026-06-22 10:00:00', 60, '朝阳区望京常营路1965号朝阳区望京中心医院安图分部', 39.997, 116.561, 1, 36, 0, '高血压配药', 0, datetime('now'), datetime('2026-06-22 23:59:59')),
(15, 1, 1, '2026-06-22 08:00:00', '2026-06-22 11:30:00', 210, '朝阳区管庄东坝大街801号朝阳区第二医院', 39.737, 116.419, 2, 125, 0, '内分泌科就诊', 0, datetime('now'), datetime('2026-06-22 23:59:59')),
(11, 1, 2, '2026-06-23 11:00:00', '2026-06-23 12:30:00', 90, '朝阳区国贸四惠东路150号北京华信医院', 39.966, 116.587, 1, 52, 0, '取出院小结', 0, datetime('now'), datetime('2026-06-23 23:59:59')),
(12, 1, 3, '2026-06-23 14:00:00', '2026-06-23 17:00:00', 180, '朝阳区劲松团结湖南路261号北京安贞医院', 39.911, 116.499, 1, 98, 0, '外科拆线复查', 0, datetime('now'), datetime('2026-06-23 23:59:59')),
(13, 1, 1, '2026-06-24 07:30:00', '2026-06-24 11:00:00', 210, '朝阳区三里屯北三环东路368号中日友好医院', 39.923, 116.493, 2, 160, 0, '神经外科专家门诊', 0, datetime('now'), datetime('2026-06-24 23:59:59')),
(14, 1, 4, '2026-06-24 15:00:00', '2026-06-24 16:00:00', 60, '朝阳区望京酒仙桥路880号朝阳区中医医院', 40.031, 116.547, 1, 42, 0, '肺部复查问诊', 0, datetime('now'), datetime('2026-06-24 23:59:59')),
(15, 1, 2, '2026-06-25 10:00:00', '2026-06-25 11:00:00', 60, '朝阳区管庄金盏路128号朝阳区管庄中心医院', 39.817, 116.431, 1, 38, 0, '取CT报告单', 0, datetime('now'), datetime('2026-06-25 23:59:59'));

-- 为部分服务者创建钱包
INSERT INTO t_wallet (worker_id, cash_balance, points_balance, frozen_amount) VALUES
(1, 128.50, 350, 0),
(2, 89.00, 210, 0),
(3, 245.00, 680, 0),
(4, 35.00, 90, 0);

-- 插入几个已完成订单的流水（示例）
INSERT INTO t_wallet_transaction (wallet_id, type, amount, points_change, order_id, status, created_at) VALUES
(1, 1, 60, 10, NULL, 1, datetime('now', '-3 days')),
(1, 1, 45, 8, NULL, 1, datetime('now', '-2 days')),
(2, 1, 50, 10, NULL, 1, datetime('now', '-1 day')),
(3, 1, 70, 15, NULL, 1, datetime('now', '-4 days'));

-- 银发圈动态（示例）
INSERT INTO t_community_post (worker_id, content_type, content_text, voice_url, image_urls, like_count, comment_count, status, created_at) VALUES
(1, 1, '今天陪诊的王爷爷很慈祥，还给我带了自己做的点心。#暖心', NULL, NULL, 12, 2, 0, datetime('now', '-2 days')),
(2, 1, '做保洁的时候发现客户家书柜倒了，顺手帮忙修理了一下。大家遇到类似情况量力而行。', NULL, NULL, 5, 1, 0, datetime('now', '-1 day'));

-- 插入培训课程
INSERT INTO t_course (title, video_url, duration_seconds, cover_url, sort_order, is_required) VALUES
('新员工入职培训', 'https://example.com/video1.mp4', 1800, 'https://example.com/cover1.jpg', 1, 1),
('服务礼仪规范', 'https://example.com/video2.mp4', 1200, 'https://example.com/cover2.jpg', 2, 1),
('老年人沟通技巧', 'https://example.com/video3.mp4', 1500, 'https://example.com/cover3.jpg', 3, 0),
('急救基础知识', 'https://example.com/video4.mp4', 2000, 'https://example.com/cover4.jpg', 4, 0);

-- 更新现有用户头像（用于已有数据库）- 使用本地中国人形象图片
UPDATE t_user SET avatar_url = '/uploads/avatars/KuaPai_AI_20260602114309.png' WHERE id = 1;
UPDATE t_user SET avatar_url = '/uploads/avatars/KuaPai_AI_20260602113400.jpeg' WHERE id = 2;
UPDATE t_user SET avatar_url = '/uploads/avatars/KuaPai_AI_20260602113549.jpeg' WHERE id = 3;
UPDATE t_user SET avatar_url = '/uploads/avatars/KuaPai_AI_20260602114344.png' WHERE id = 4;
UPDATE t_user SET avatar_url = '/uploads/avatars/KuaPai_AI_20260602113622.jpeg' WHERE id = 5;
UPDATE t_user SET avatar_url = '/uploads/avatars/KuaPai_AI_20260602114540.png' WHERE id = 11;
UPDATE t_user SET avatar_url = '/uploads/avatars/KuaPai_AI_20260602114655.png' WHERE id = 12;
UPDATE t_user SET avatar_url = '/uploads/avatars/KuaPai_AI_20260602114745.png' WHERE id = 13;
UPDATE t_user SET avatar_url = '/uploads/avatars/KuaPai_AI_20260602114703.png' WHERE id = 14;
UPDATE t_user SET avatar_url = '/uploads/avatars/KuaPai_AI_20260602114803.png' WHERE id = 15;